﻿circuitId,countyId,circuitRef,name,location,lat,lng,alt,url
1,1,albert_park,Albert Park Grand Prix Circuit,Melbourne,-37.8497,144.968,10,http://en.wikipedia.org/wiki/Melbourne_Grand_Prix_Circuit
2,2,sepang,Sepang International Circuit,Kuala Lumpur,2.76083,101.738,18,http://en.wikipedia.org/wiki/Sepang_International_Circuit
3,3,bahrain,Bahrain International Circuit,Sakhir,26.0325,50.5106,7,http://en.wikipedia.org/wiki/Bahrain_International_Circuit
4,4,catalunya,Circuit de Barcelona-Catalunya,MontmelÃ³,41.57,2.26111,109,http://en.wikipedia.org/wiki/Circuit_de_Barcelona-Catalunya
5,5,istanbul,Istanbul Park,Istanbul,40.9517,29.405,130,http://en.wikipedia.org/wiki/Istanbul_Park
6,6,monaco,Circuit de Monaco,Monte-Carlo,43.7347,7.42056,7,http://en.wikipedia.org/wiki/Circuit_de_Monaco
7,7,villeneuve,Circuit Gilles Villeneuve,Montreal,45.5,-73.5228,13,http://en.wikipedia.org/wiki/Circuit_Gilles_Villeneuve
8,8,magny_cours,Circuit de Nevers Magny-Cours,Magny Cours,46.8642,3.16361,228,http://en.wikipedia.org/wiki/Circuit_de_Nevers_Magny-Cours
9,9,silverstone,Silverstone Circuit,Silverstone,52.0786,-1.01694,153,http://en.wikipedia.org/wiki/Silverstone_Circuit
10,10,hockenheimring,Hockenheimring,Hockenheim,49.3278,8.56583,103,http://en.wikipedia.org/wiki/Hockenheimring
11,11,hungaroring,Hungaroring,Budapest,47.5789,19.2486,264,http://en.wikipedia.org/wiki/Hungaroring
12,4,valencia,Valencia Street Circuit,Valencia,39.4589,-0.331667,4,http://en.wikipedia.org/wiki/Valencia_Street_Circuit
13,12,spa,Circuit de Spa-Francorchamps,Spa,50.4372,5.97139,401,http://en.wikipedia.org/wiki/Circuit_de_Spa-Francorchamps
14,13,monza,Autodromo Nazionale di Monza,Monza,45.6156,9.28111,162,http://en.wikipedia.org/wiki/Autodromo_Nazionale_Monza
15,14,marina_bay,Marina Bay Street Circuit,Marina Bay,1.2914,103.864,18,http://en.wikipedia.org/wiki/Marina_Bay_Street_Circuit
16,15,fuji,Fuji Speedway,Oyama,35.3717,138.927,583,http://en.wikipedia.org/wiki/Fuji_Speedway
17,16,shanghai,Shanghai International Circuit,Shanghai,31.3389,121.22,5,http://en.wikipedia.org/wiki/Shanghai_International_Circuit
18,17,interlagos,AutÃ³dromo JosÃ© Carlos Pace,SÃ£o Paulo,-23.7036,-46.6997,785,http://en.wikipedia.org/wiki/Aut%C3%B3dromo_Jos%C3%A9_Carlos_Pace
19,18,indianapolis,Indianapolis Motor Speedway,Indianapolis,39.795,-86.2347,223,http://en.wikipedia.org/wiki/Indianapolis_Motor_Speedway
20,10,nurburgring,NÃ¼rburgring,NÃ¼rburg,50.3356,6.9475,578,http://en.wikipedia.org/wiki/N%C3%BCrburgring
21,13,imola,Autodromo Enzo e Dino Ferrari,Imola,44.3439,11.7167,37,http://en.wikipedia.org/wiki/Autodromo_Enzo_e_Dino_Ferrari
22,15,suzuka,Suzuka Circuit,Suzuka,34.8431,136.541,45,http://en.wikipedia.org/wiki/Suzuka_Circuit
23,19,osterreichring,A1-Ring,Spielberg,47.2197,14.7647,678,http://en.wikipedia.org/wiki/A1-Ring
24,20,yas_marina,Yas Marina Circuit,Abu Dhabi,24.4672,54.6031,3,http://en.wikipedia.org/wiki/Yas_Marina_Circuit
25,21,galvez,AutÃ³dromo Juan y Oscar GÃ¡lvez,Buenos Aires,-34.6943,-58.4593,8,http://en.wikipedia.org/wiki/Aut%C3%B3dromo_Oscar_Alfredo_G%C3%A1lvez
26,4,jerez,Circuito de Jerez,Jerez de la Frontera,36.7083,-6.03417,37,http://en.wikipedia.org/wiki/Circuito_Permanente_de_Jerez
27,22,estoril,AutÃ³dromo do Estoril,Estoril,38.7506,-9.39417,130,http://en.wikipedia.org/wiki/Aut%C3%B3dromo_do_Estoril
28,15,okayama,Okayama International Circuit,Okayama,34.915,134.221,266,http://en.wikipedia.org/wiki/TI_Circuit
29,1,adelaide,Adelaide Street Circuit,Adelaide,-34.9272,138.617,58,http://en.wikipedia.org/wiki/Adelaide_Street_Circuit
30,23,kyalami,Kyalami,Midrand,-25.9894,28.0767,1460,http://en.wikipedia.org/wiki/Kyalami
31,9,donington,Donington Park,Castle Donington,52.8306,-1.37528,88,http://en.wikipedia.org/wiki/Donington_Park
32,24,rodriguez,AutÃ³dromo Hermanos RodrÃ­guez,Mexico City,19.4042,-99.0907,2227,http://en.wikipedia.org/wiki/Aut%C3%B3dromo_Hermanos_Rodr%C3%ADguez
33,18,phoenix,Phoenix street circuit,Phoenix,33.4479,-112.075,345,http://en.wikipedia.org/wiki/Phoenix_street_circuit
34,8,ricard,Circuit Paul Ricard,Le Castellet,43.2506,5.79167,432,http://en.wikipedia.org/wiki/Paul_Ricard_Circuit
35,25,yeongam,Korean International Circuit,Yeongam County,34.7333,126.417,0,http://en.wikipedia.org/wiki/Korean_International_Circuit
36,17,jacarepagua,AutÃ³dromo Internacional Nelson Piquet,Rio de Janeiro,-22.9756,-43.395,1126,http://en.wikipedia.org/wiki/Aut%C3%B3dromo_Internacional_Nelson_Piquet
37,18,detroit,Detroit Street Circuit,Detroit,42.3298,-83.0401,177,http://en.wikipedia.org/wiki/Detroit_street_circuit
38,9,brands_hatch,Brands Hatch,Kent,51.3569,0.263056,145,http://en.wikipedia.org/wiki/Brands_Hatch
39,26,zandvoort,Circuit Park Zandvoort,Zandvoort,52.3888,4.54092,6,http://en.wikipedia.org/wiki/Circuit_Zandvoort
40,12,zolder,Zolder,Heusden-Zolder,50.9894,5.25694,36,http://en.wikipedia.org/wiki/Zolder
41,8,dijon,Dijon-Prenois,Dijon,47.3625,4.89913,484,http://en.wikipedia.org/wiki/Dijon-Prenois
42,18,dallas,Fair Park,Dallas,32.7774,-96.7587,139,http://en.wikipedia.org/wiki/Fair_Park
43,18,long_beach,Long Beach,California,33.7651,-118.189,12,"http://en.wikipedia.org/wiki/Long_Beach,_California"
44,18,las_vegas,Las Vegas Street Circuit,Nevada,36.1162,-115.174,639,"http://en.wikipedia.org/wiki/Las_Vegas,_Nevada"
45,4,jarama,Jarama,Madrid,40.6171,-3.58558,609,http://en.wikipedia.org/wiki/Circuito_Permanente_Del_Jarama
46,18,watkins_glen,Watkins Glen,New York State,42.3369,-76.9272,485,http://en.wikipedia.org/wiki/Watkins_Glen_International
47,27,anderstorp,Scandinavian Raceway,Anderstorp,57.2653,13.6042,153,http://en.wikipedia.org/wiki/Scandinavian_Raceway
48,7,mosport,Mosport International Raceway,Ontario,44.0481,-78.6756,332,http://en.wikipedia.org/wiki/Mosport
49,4,montjuic,MontjuÃ¯c,Barcelona,41.3664,2.15167,79,http://en.wikipedia.org/wiki/Montju%C3%AFc_circuit
50,12,nivelles,Nivelles-Baulers,Brussels,50.6211,4.32694,139,http://en.wikipedia.org/wiki/Nivelles-Baulers
51,8,charade,Charade Circuit,Clermont-Ferrand,45.7472,3.03889,790,http://en.wikipedia.org/wiki/Charade_Circuit
52,7,tremblant,Circuit Mont-Tremblant,Quebec,46.1877,-74.6099,214,http://en.wikipedia.org/wiki/Circuit_Mont-Tremblant
53,8,essarts,Rouen-Les-Essarts,Rouen,49.3306,1.00458,81,http://en.wikipedia.org/wiki/Rouen-Les-Essarts
54,8,lemans,Le Mans,Le Mans,47.95,0.224231,67,http://en.wikipedia.org/wiki/Circuit_de_la_Sarthe#Bugatti_Circuit
55,8,reims,Reims-Gueux,Reims,49.2542,3.93083,88,http://en.wikipedia.org/wiki/Reims-Gueux
56,23,george,Prince George Circuit,Eastern Cape Province,-33.0486,27.8736,15,http://en.wikipedia.org/wiki/Prince_George_Circuit
57,19,zeltweg,Zeltweg,Styria,47.2039,14.7478,676,http://en.wikipedia.org/wiki/Zeltweg_Airfield
58,9,aintree,Aintree,Liverpool,53.4769,-2.94056,20,http://en.wikipedia.org/wiki/Aintree_Motor_Racing_Circuit
59,22,boavista,Circuito da Boavista,Oporto,41.1705,-8.67325,28,http://en.wikipedia.org/wiki/Circuito_da_Boavista
60,18,riverside,Riverside International Raceway,California,33.937,-117.273,470,http://en.wikipedia.org/wiki/Riverside_International_Raceway
61,10,avus,AVUS,Berlin,52.4806,13.2514,53,http://en.wikipedia.org/wiki/AVUS
62,22,monsanto,Monsanto Park Circuit,Lisbon,38.7197,-9.20306,158,http://en.wikipedia.org/wiki/Monsanto_Park_Circuit
63,18,sebring,Sebring International Raceway,Florida,27.4547,-81.3483,18,http://en.wikipedia.org/wiki/Sebring_Raceway
64,28,ain-diab,Ain Diab,Casablanca,33.5786,-7.6875,19,http://en.wikipedia.org/wiki/Ain-Diab_Circuit
65,13,pescara,Pescara Circuit,Pescara,42.475,14.1508,129,http://en.wikipedia.org/wiki/Pescara_Circuit
66,29,bremgarten,Circuit Bremgarten,Bern,46.9589,7.40194,551,http://en.wikipedia.org/wiki/Circuit_Bremgarten
67,4,pedralbes,Circuit de Pedralbes,Barcelona,41.3903,2.11667,85,http://en.wikipedia.org/wiki/Pedralbes_Circuit
68,30,buddh,Buddh International Circuit,Uttar Pradesh,28.3487,77.5331,194,http://en.wikipedia.org/wiki/Buddh_International_Circuit
69,18,americas,Circuit of the Americas,Austin,30.1328,-97.6411,161,http://en.wikipedia.org/wiki/Circuit_of_the_Americas
70,19,red_bull_ring,Red Bull Ring,Spielberg,47.2197,14.7647,678,http://en.wikipedia.org/wiki/Red_Bull_Ring
71,31,sochi,Sochi Autodrom,Sochi,43.4057,39.9578,2,http://en.wikipedia.org/wiki/Sochi_Autodrom
72,18,port_imperial,Port Imperial Street Circuit,New Jersey,40.7769,-74.0111,4,http://en.wikipedia.org/wiki/Port_Imperial_Street_Circuit
73,32,BAK,Baku City Circuit,Baku,40.3725,49.8533,-7,http://en.wikipedia.org/wiki/Baku_City_Circuit
74,33,hanoi,Hanoi Street Circuit,Hanoi,21.0166,105.766,9,http://en.wikipedia.org/wiki/Hanoi_Street_Circuit
75,22,portimao,AutÃ³dromo Internacional do Algarve,PortimÃ£o,37.227,-8.6267,108,http://en.wikipedia.org/wiki/Algarve_International_Circuit
76,13,mugello,Autodromo Internazionale del Mugello,Mugello,43.9975,11.3719,255,http://en.wikipedia.org/wiki/Mugello_Circuit
77,32,jeddah,Jeddah Corniche Circuit,Jeddah,21.6319,39.1044,15,http://en.wikipedia.org/wiki/Jeddah_Street_Circuit
78,35,losail,Losail International Circuit,Al Daayen,25.49,51.4542,\N,http://en.wikipedia.org/wiki/Losail_International_Circuit
79,18,miami,Miami International Autodrome,Miami,25.9581,-80.2389,\N,http://en.wikipedia.org/wiki/Miami_International_Autodrome
